YEAR,APPLICATION_ID,ADMINISTERING_IC,ACTIVITY,TOTAL_COST,PROJECT_TITLE,ABSTRACT_TEXT,MATCHED_TERMS
2012,8303985,CA,R21,264515.0,Genome-wide Identification of DNA Methylation Biomarkers in AML,"DESCRIPTION (provided by applicant): DNA hypomethylating agents (HMA) promise to significantly advance the treatment of acute myelogenous leukemia (AML). The drugs are well tolerated in older patients who represent both the majority of adult AML, and those least well served by traditional, intensive chemotherapy. The dose and delivery schedule of HMAs strongly dictate biological activity but the pharmacodynamics of these agents is poorly understood. The absence of good biomarkers of DNA methylation is slowing the development of epigenetic therapy in AML. The long-term goal of this research is to develop effective and well-tolerated AML therapies that incorporate optimally dosed epigenetic modifiers. The objective of this application is to identify DNA methylation biomarkers that can be used to assess the activity of HMAs in AML leukemia stem/progenitor cells (LSPCs). The central hypothesis is that pharmacodynamic biomarkers of HMA activity have greatest clinical/biological relevance when they report efficacy within AML LSPCs. The rationale for the proposed studies is that, once AML-specific DNA methylation abnormalities are discovered, they can be used to assess the pharmacodynamic activity of HMAs in clinical trials designed to optimize the dose and delivery schedule of these agents for the treatment of AML. The hypothesis will be tested by pursuing two specific aims: Aim 1: Identify DNA methylation biomarkers of AML. Aim 2: Determine whether peripheral blood cells can be used as a surrogate tissue to assess decitabine-induced DNA hypomethylation in AML LSPCs. Under the first aim, a proven method for genome-wide analyses of DNA methylation that has already been established to be feasible in the applicants' hands, will be used to identify AML-specific abnormalities in CD34-selected primary, human AML LSPCs when compared to normal hematopoietic cells obtained from healthy donors. The second aim will use previously collected, matched blood and bone marrow specimens obtained from patients with AML prior to and immediately following, several different decitabine administration schedules to identify AML-specific DNA methylation biomarkers suitable for pharmacodynamic monitoring in peripheral blood cells. These results are expected to have a positive impact on the clinical development of current and future DNA hypomethylating agents by providing a long sought after means to assess the biological activity of these agents in vivo. This contribution is significant be- cause it is a necessary first step in a continuum of research that is expected to yield pharmacodynamically tailored dosing of epigenetic modifiers that maximize anti-leukemic activity while minimizing toxicity. The pro- posed research is innovative because it represents a substantial departure from the current standard of measuring DNA methylation at a few convenient genomic loci in mixed cell populations long-after the delivery of a DNA HMA. Ultimately, the proposed genome-wide identification of AML-specific DNA methylation biomarkers in LSPCs and validation of celular surrogates with which to assess pharmacodynamics should permit rapid optimization, and perhaps personalization, of HMA schedules for the treatment of AML.          PUBLIC HEALTH RELEVANCE: The proposed research is relevant to public health because the identification of AML-specific DNA methylation biomarkers for pharmacodynamics is ultimately expected to lead to optimized dosing regimens for DNA hypomethylating agents with reduced toxicity and maximal anti-leukemic activity. This work is consistent with the NIH goal of improving health, with the NCI mission of supporting research to advance the treatment of cancer and is responsive to the FOA in considering of the full array of potentially informative characteristics to trans-late basic science to a clinical application by providing a strong rationae for proposing DNA methylation bio- markers to address a current impediment to the rapid and rational development of hypomethylating agents for the treatment of AML.",pharmacodynamic biomarker
2012,8260536,NS,R01,723903.0,Prospective Neuroimaging in Huntington's Disease,"Program Director/Principal Investigator (Last, First, Middle): Rosas, Herminia Diana Abstract: The most important goal of experimental therapeutics for symptomatic Huntington's disease (HD) is to develop disease-modifying (neuroprotective) therapies able to slow progression. Rapidly advancing basic and translational research has identified numerous potential targets for neuroprotection and treatments based on them are creating an expanding pipeline for clinical trials. However, clinical trials are not close to keeping up with compounds for which there is already some rationale, as well as likelihood of safety and tolerability, and the gap is quickly widening. The development and use of biomarkers in clinical trials for HD have profound potential to increase the rate and accuracy with which compounds, and by implication their targets, can be assessed. Since HD is fundamentally a progressive neurodegenerative disease, neuro-imaging measures hold great promise as direct measures of disease progression that may also provide the necessary sensitivity and specificity to help assess disease modification in Phase II and Phase III clinical trials. During the current funding period, we used state-of-the-art neuro-imaging tools to show that regional brain atrophy in HD is early and progressive, and corresponds to clinical features, including the TFC. We also used these tools as a pharmacodynamic biomarker in a pilot study of high-dose Creatine, a leading candidate neuroprotective agent, in HD subjects. We found that high dose Creatine slowed brain atrophy, reduced measures of oxidative stress, and may have slowed cognitive decline. We are seeking to validate our neuro-imaging tools in a funded placebo-controlled, double-blind Phase III clinical trial of high-dose creatine as a biomarker of disease progression. Should Creatine slow progression and slow brain atrophy, it will be a crucial step in demonstrating the value of neuro-imaging as a pharmacodynamic biomarker of disease modification. PHS 398/2590 (Rev. 11/07) Page Continuation Format Page",pharmacodynamic biomarker
2022,10314024,CA,R01,660532.0,Biomarkers of Sulforaphane/Broccoli Sprout Extract in Prostate Cancer,"ABSTRACT
Scientific Premise and Hypothesis: Chemoprevention using safe and inexpensive phytochemicals from edible
or medicinal plants is appealing for reducing the death and suffering from prostate cancer, which continues to
be a leading cause of cancer-linked mortality among American men. A chemopreventative intervention for
prostate cancer is still lacking. Increased de novo synthesis coupled with Î²-oxidation of fatty acids is a rather
unique and targetable mechanism of human prostate cancer. A role for upregulated de novo fatty acid synthesis
in pathogenesis of prostate cancer is substantiated by studies showing overexpression of mRNA/protein levels
of key fatty acid synthesis enzymes, including ATP citrate lyase (ACLY), acetyl-CoA carboxylase 1 (ACC1),
and/or fatty acid synthase (FASN) in early (prostatic intraepitheilial neoplasia; PIN) as well as advanced
(adenocarcinoma) disease when compared to normal tissue. In addition, genetic or pharmacological suppression
of ACLY, ACC1, and FASN causes inhibition of prostate cancer cell growth in vitro and in vivo. Therefore,
inhibition of synthesis and/or Î²-oxidation of fatty acids represents a promising strategy for chemoprevention of
prostate cancer. The overall goal of this bench-cage-bedside project is to determine the feasibility of fatty acid
metabolism inhibition for chemoprevention of prostate cancer using sulforaphane (SFN), which is the principal
bioactive phytochemical in broccoli sprout extract (BSE). The preclinical studies are conceived to test the
hypothesis that prostate cancer chemoprevention by SFN and BSE in a clinically-relevant transgenic
mouse model (Hi-Myc) is associated with suppression of synthesis as well as Î²-oxidation of fatty acids
leading to inhibition of cancer cell proliferation. A pilot double-blind, randomized, and placebo-controlled
window of opportunity clinical trial in men scheduled for prostatectomy is also proposed to determine whether
daily oral administration of a well-characterized BSE formulation (BroccoMaxÂ®), the safety of which has already
been tested clinically, for 4 weeks leads to suppression of circulating and prostate tumor levels of fatty acids.
Support for the above stated hypothesis derives from our own published and preliminary unpublished findings.
Specifically, we found that SFN treatment not only suppresses protein/mRNA levels of ACC1 and FASN as well
as the dehydrogenases implicated in Î²-oxidation of fatty acids but also decreases acetyl-CoA levels in human
prostate cancer cells in vitro and prostate tumors of TRAMP mice in vivo. Acetyl-CoA is the building block of de
novo fatty acid synthesis but is also generated in the mitochondria upon Î²-oxidation of fatty acids.
Specific Aims: The well-integrated specific aims of this highly-focused application are to: (1) Determine the
mechanism underlying SFN-mediated inhibition of fatty acid synthesis and Î²-oxidation using cellular models of
prostate cancer and normal prostate cells; (2) Determine whether prostate cancer chemoprevention by SFN and
BSE in Hi-Myc transgenic mice is associated with inhibition of fatty acid synthesis and Î²-oxidation; and (3)
Determine whether daily oral BroccoMaxÂ® administration for 4 weeks decreases circulating and prostate tumor
levels of fatty acids through a pilot double-blind, randomized, and placebo-controlled window of opportunity trial
in men scheduled for prostatectomy.
Translational Impact (Significance): Despite wealth of mechanistic data, clinical development of SFN or BSE
like BroccoMaxÂ® for chemoprevention of prostate cancer is contingent upon: (a) demonstration of
chemopreventive efficacy in a clinically-relevant rodent model of prostate cancer; (b) identification of
pharmacodynamic biomarker(s) using cellular and preclinical rodent models of prostate cancer; and (c) pilot
clinical translational studies to demonstrate modulation of the same mechanistic biomarker(s) identified from the
cellular/preclinical models such as suppression of fatty acid metabolism hypothesized in this application. This
stepwise progression of research is essential to justify a larger clinical study with prostate cancer incidence as
the primary end point. The first two specific aims of this project will not only test the possibility of prostate cancer
chemoprevention by SFN and BSE in a transgenic mouse model with strong molecular overlap with the human
disease but will also identify non-invasive pharmacodynamic biomarker(s) (e.g., serum levels of fatty acids)
applicable to the proposed clinical trial in specific aim 3.",pharmacodynamic biomarker
2022,10376769,NS,R01,352188.0,The role of oxidative stress and inflammation in epileptogenesis,"SUMMARY
The large heterogeneity of epileptic syndromes and their underlying pathophysiology represent a particular
challenge to the development of pathway-specific therapies for epilepsy prevention. In many people, epilepsy
is produced by specific brain âinsultsâ, such as trauma, infarcts, or episodes of prolonged status epilepticus
(SE), while in others, epilepsy is a result of a primary genetic abnormality producing either structural or
functional alterations in the developing brain. In all cases, patients are at high risk for developing epilepsy.
Studies in the last decade have contributed to the view that there is an important link between oxidative stress,
inflammation and epilepsy, such that seizures can induce oxidative stress and inflammation, but also that
oxidative stress and enhanced pro-inflammatory signals in the brain contribute to epilepsy progression. Recent
animal and human studies have identified a potential novel target that may be a central component of a
cascade of such processes - the nuclear factor erythroid 2-related factor 2 (Nrf2). This transcription factor
promotes the expression of multiple protective antioxidant and anti-inflammatory proteins. The major objective
of this project is to determine whether dimethyl fumarate (DMF), a Nrf2 inducer that uniquely reduces oxidative
stress and inflammation and is approved for other clinical indications, can prevent epilepsy in two distinct
mouse models of epileptogenesis. To increase the translational potential of our study, we will also determine
whether select systemic biomarkers of oxidative stress and inflammation are able to predict the development of
epilepsy and epilepsy-associated co-morbidities (prognostic biomarkers) and monitor the acute response to
treatment (pharmacodynamic biomarkers). Aim 1 will use long-term video EEG recordings of seizures and
behavioral testing to determine whether DMF, when administered following induction of SE, will reduce the
incidence and severity of epilepsy and reduce the associated behavioral comorbidities. Using
immunohistochemical and biochemical methods, Aim 2 will assess changes in proteins associated with redox
modulation, inflammation and cytokine signaling in the brain and plasma following DMF treatment in the same
model, with the hypothesis that mediators that most strongly associate with disease progression will be more
affected by treatment than the ones that are not. Finally, to examine whether there is more generalizable
applicability of this drug to other epilepsies, in Aim 3 we will determine whether DMF can prevent or delay the
development of epilepsy in a tuberous sclerosis model of epilepsy and cognitive dysfunction.","pharmacodynamic biomarker, prognostic biomarker"
2022,10362519,CA,R01,611419.0,"Phase one clinical trial of a novel small molecule EBNA1 inhibitor, VK-2019, in patients with Epstein- Barr positive nasopharyngeal cancer, with pharmacokinetic and pharmacodynamic correlative studies","Title: Phase one clinical trial of a novel small molecule EBNA1 inhibitor, VK-2019, in patients with Epstein- Barr positive
nasopharyngeal cancer, with pharmacokinetic and pharmacodynamic correlative studies.
7. PROJECT SUMMARY
New therapeutic approaches are needed for cancers associated with Epstein-Barr Virus (EBV). EBV is etiologically
associated with a diverse collection of malignancies, including nasopharyngeal carcinoma (NPC). Only one viral-encoded
protein, EBNA1, is consistently expressed in all known EBV-associated malignancies and is a validated target for inhibition
of EBV-dependent transformation and carcinogenesis.
Investigators at the Wistar Institute have developed VK- 2019, a first-in-class EBNA1 inhibitor as a therapeutic agent,
selecting it from over 2000 candidate inhibitor compounds during the hit-to-lead and lead optimization phases. VK-2019
meets or exceeds industry-accepted criteria for potency, selectivity, metabolic stability, drug suitability, drug safety,
toxicology and bioavailability. VK-2019 inhibits EBNA1 in biochemical assays with nanomolar potency and disrupts EBNA1
binding in vivo in several cell-based assays. VK-2019 causes significant tumor growth protection in 4 different xenograft
models of EBV-driven tumor progression, including 2 tumor lines derived from NPC patients. VK-2019âs in vivo target
engagement and preclinical pharmacokinetic profiles have both been robustly evaluated. Range Finding (RF) and
Maximum Tolerated Dose (MTD) studies in rat and dog have demonstrated an exceptionally favorable safety profile with
a therapeutic index of >87:1. All of the IND-enabling studies including GLP 28-day toxicology and safety pharmacology
studies have been completed. 1.9 kg of cGMP grade VK- 2019 is available and is being formulated into capsules for use
in this study. Wistar staff have held a successful pre-IND meeting with the FDA and are preparing for an IND submission
in April 2018 to facilitate a Phase I first-in-human clinical trial.
The purpose of this grant is to fund the phase 1 clinical trial of VK- 2019 in patients with NPC.
The phase I study will enroll patients with metastatic or recurrent nasopharyngeal carcinoma (NPC) for the following
reasons: 1. Almost all NPC is EBV positive; 2.There is an unmet medical need as current treatments are both toxic and of
limited efficacy. 3. Clinically relevant biomarkers for NPC are available that have relevance for the predicted mechanism
of action of VK-2019. 4. Plasma EBV DNA levels of NPC patients correlate with prognosis and disease progression so can
be used as efficacy biomarkers EBNA1 inhibitors.
The proposed trial is designed to look at the safety and tolerability of VK-2019. A Simon 4b accelerated titration design
of up to 40 patients treated with daily oral VK- 2019 is planned at the Stanford Cancer Institute (SCI), a NCI comprehensive
cancer center and NPC referral center. The primary outcomes will be determination of the pharmacokinetics and
pharmacodynamics of VK-2019, Dose Limiting Toxicity (DLT) and Recommended Phase 2 Dose (RP2D) in patients with
advanced NPC. Important additional endpoints include biomarker and tumor EBNA 1 inhibition effect studies. Clinical trial
infrastructure necessary for the conduct of this study is already in place at the SCI. This clinical trial will provide critical
information on the safety, tolerability and preliminary efficacy of VK-2019 in order to ask whether development of the
agent as a cancer treatment should continue.",efficacy biomarker
2012,8228086,CA,R01,486646.0,Molecular Mechanisms of Chemoprevention:  NRF2 Signaling,"DESCRIPTION (provided by applicant): Cancer prevention involving reduction or elimination of human exposure to environmental carcinogens may not always be possible. Inhibition of the development of cancer by the administration of anticarcinogenic agents may offer practical alternatives for reducing human cancer burden. However, the successful utilization of chemopreventive interventions will require solid mechanistic understanding of the action(s) of these agents. We have identified the Keap1-Nrf2-ARE signaling pathway as a target for chemoprevention. The Nrf2 transcription factor regulates an integrated cell survival response that can be triggered by multiple classes of cancer chemopreventive agents (e.g., dithiolethiones, isothiocyanates, triterpenoids). In this project, we will use both pharmacologic and genetic approaches to further probe the molecular mechanisms of action of these chemopreventive agents, assess their efficacy in animal models with close relevance to human carcinogenesis and use these interventions to validate intermediate biomarkers. With a continuing focus on the roles of infection with hepatitis B virus and co-exposure to the fungal toxin aflatoxin on human risk for hepatocellular carcinoma, we will purse three aims. First, we will utilize advanced methods of isotope-dilution mass spectrometry for the quantitation of aflatoxin biomarkers in liver, blood, urine and feces in order to develop for the first time a comprehensive mass balance for the fate of the ultimate carcinogen, exo-aflatoxin-epoxide, in rats. The predictive value of these biomarkers for individual risk of liver cancer will be assessed. Biomarkers will be quantified longitudinally during a bioassay for protection against hepatocarcinogenesis by the exceptionally potent triterpenoid activator of Nrf2 signaling, CDDO-Im. We will also evaluate the predictive value of monitoring DNA circulating in plasma for mutations in target oncogenes using quantitative short oligonucleotide mass spectrometry. In the second aim, we will evaluate the similarities and distinctions of chemical class, species and genetic activation of Keap1-Nrf2 signaling by comparing the gene expression patterns in rat and mouse liver following treatment with lead compounds of 3 different chemical classes of Nrf2 activators at doses equi-effective for inhibition of aflatoxin-induced preneoplastic lesions and by comparing the gene expression patterns in liver of mice in which either Nrf2 or its repressor Keap1 have been genetically disrupted. The impact of these genetic and pharmacologic interventions on aflatoxin disposition will be determined using the mass spectrometry-based analysis of its biomarkers. Third, we will capitalize on our novel observation that Nrf2 signaling influences tissue regeneration and repair by examining the post initiation effects of triterpenoids during aflatoxin-induced hepatocarcinogenesis in the rat and in a murine model recapitulating major human risk factors for HCC, namely, aflatoxin exposure and infection with HBV. Collectively, these studies will further the goal of effectively using activators of Nrf2 signaling as protective agents in human populations exposed to environmental toxicants.      PUBLIC HEALTH RELEVANCE: Cancer prevention involving reduction or elimination of human exposure to environmental carcinogens may not always be possible. The overriding goal of our work remains to provide the mechanistic framework to facilitate the efficient translation of the most effective of the small molecule activators of Nrf2 signaling into use as protective agents in human populations exposed to environmental toxicants such as aflatoxins. To facilitate this goal we need better understanding of the molecular mechanisms of action of our chemopreventive agents, further validation of intermediate biomarkers, and assessment of efficacy in animal models with close relevance to human carcinogenesis.",intermediate biomarker
2022,10424498,CA,R01,10124.0,Phase II Clinical trial of GTC in Men on Active Surveillance,"Abstract:
The era of screening for prostate cancer (PCa) using serum prostate specific antigen (PSA) has led to an
increase in the detection of low-grade prostate cancers that pose little risk of either metastatic spread or death.
Additionally, these men may be now exposed to morbidities of over treatment with little or no benefit of
cancer-specific survival. Active surveillance (AS) has thus evolved as a recommended management strategy for
men with low grade disease, providing the benefit of an individualized approach of carefully monitoring
disease progression, sufficient to permit timely therapeutic intervention. However, concerns about under-
grading, variations in criteria for AS eligibility, patient reported anxiety, depression, doubts about the possible
progression of the disease as well as higher decisional conflict regarding selection of AS, men on AS have been
reported to ultimately opt for treatment without any major change in tumor characteristics. On the other hand,
men on AS are a subgroup, who are highly motivated and eager to make positive lifestyle
changes to further reduce their risk of PCa progression- providing an opportunity for
chemoprevention. Chemoprevention strategies with 5-alpha-reductase inhibitors significantly reduced the
risk of prostate cancer progression. However their use was also associated with increased detection of high-
grade disease, severely limiting their clinical adoption. Currently, there is a paucity of research that
systematically examines agents for chemoprevention in men on AS. Green tea catechins (GTC)
influence several hallmarks of carcinogenesis, including prostate carcinogenesis, with an acceptable safety
profile, making them attractive candidates for PCa chemoprevention. Several epidemiological, in vitro,
preclinical and early phase trials completed by our team and others have shown that the GTC are potent
inhibitors of PCa carcinogenesis through multiple mechanisms, bioavailable in tissue and plasma, reduces
several intermediate biomarkers implicated in PCa progression and without toxicities at these doses. Based on
the available evidence, we hypothesize that men with biopsy proven adenocarcinoma of the prostate who
meet the criteria for AS, who receive GTC at a dose of 800 mg EGCG per day (vs. placebo) for 24 months, will
have a significantly decreased rate of clinical progression. We will test this hypothesis using a rigorous
experimental design in a phase II, randomized clinical trial to evaluate the safety, effectiveness and
potential mechanism by which GTC modulates clinical progression and the related biological biomarkers
relevant to PCa progression in men on AS for PCa. Positive results from this study will be critical
to inform development a phase III clinical trial and ultimately provide a strategy for secondary chemoprevention
in men on AS, for whom, currently, there are no options for reducing risk of progression to PCa.",intermediate biomarker
2022,10591306,NS,RF1,2274447.0,"Air Pollution, Metabolome, and Alzheimer disease in Mexican Americans","PROJECT ABSTRACT
Air pollution is increasingly recognized as an important risk factor for cognitive impairment (CI) and Alzheimerâs
and related dementias (ADRD). To gain insights into the biologic processes which link air pollution exposure and
ADRD in humans during aging, we propose an integrative longitudinal metabolomics approach in a large
population-based cohort of Mexican-Americans relying on real-life, long-term air pollution exposures for which
we established links with ADRD. Metabolomics can provide a map of exposure and disease-related perturbations
across interconnected biological pathways. It is especially useful in gaining understanding of disease processes
when repeated biosamples are available before diagnosis to provide novel information about initiation and
progression of cognitive impairment and ADRD. Specifically, we propose to use untargeted and targeted
metabolomics to further mechanistic understanding of long-term exposures to air pollution and CI/ADRD in an
elderly population of Mexican Americans from the âSacramento Area Latino Study on Agingâ (SALSA), taking
advantage of 5689 existing blood samples from 1,789 Latino participants followed over 10 years, screened for
cognitive function (7,696 repeated cognitive exams), and tested with multi-domain neuro-psychological batteries,
clinical and MRI assessments for dementia adjudication. Latino minority populations suffer disparities in
exposures and a high prevalence of comorbid risk factors, such as diabetes. We have already observed strong
associations for air pollution exposure with incident ADRD. Previously, we conducted an air monitoring campaign
and combined this with routine monitoring data, land use, emissions, traffic data, and meteorology to generate
air pollution exposures for SALSA participants (R01ES023451 mPIs: Ritz/Haan). Here, we will collaborate with
Dr. Jones at Emory who directs a Center that developed cutting edge high-performance metabolic profiling
methods. We will employ these unique resources to identify molecular mechanisms of air pollution and CI/ADRD
in Latinos longitudinally, to show how the metabolome is changing as cognition declines and CI/ADRD develops,
how air pollution exposure changes the metabolome over follow-up, and how vulnerability or resilience
contributes to the process of developing dementia. We will also evaluate the influence of air pollution on
intermediate biomarkers previously linked to CI/ADRD, including inflammatory, metabolic, and antioxidant
markers (TNF-a, IL6, CRP etc.). Finally, we will study how known ADRD risk factors such as APOE4, diabetes,
physical activity, or gender affect air pollution related metabolomic profiles using repeated measures and multi-
level clustering to generate insight into the multifactorial etiologies of CI/ADRD. We also propose to conduct
replication analyses using existing metabolomics from the same platform, air pollution and cognitive assessment
data in 277 elderly Central Californians. This study will improve our understanding of mechanisms of air pollution
toxicity related to CI/ADRD, such pathways may provide actionable and treatable targets. It will also help find
evidence-based biomarkers for those most at risk and support causality and suggest mitigation approaches.",intermediate biomarker
2022,10432062,AG,R01,758000.0,Mechanisms of the signaling metabolite β-hydroxybutyrate in Alzheimer's disease and the aging brain,"PROJECT SUMMARY
 Signaling metabolites are small molecules with routine functions in cellular energy metabolism that also
act as signals to regulate diverse cellular pathways in response to a changing energy state. Signaling metabolites
link nutrition to aging. Many of the emerging geroscience therapies that target mechanisms of aging have come
from the discovery and understanding of signaling metabolites. The ketone body Î²-hydroxybutyrate (BHB) is a
new signaling metabolite. It is produced during fasting, dietary restriction, exercise, or carbohydrate restriction
to keep the body's tissues supplied with energy when glucose is scarce. We now have growing evidence that it
also functions as a signal, by inhibiting enzymes, binding directly to proteins as a post-translational modification,
and activating receptors. Through its signaling activities, BHB regulates gene expression, inflammation,
metabolism, senescence, and other cellular activities important to both aging and Alzheimer's disease (AD).
 We recently showed for the first time that ketogenic diet (KD), which stimulates endogenous production
of BHB similar to fasting, improves survival in aging mice and prevents age-related declines in memory. We also
found that KD improves memory in the hAPPJ20 AD mouse model, and reduces abnormal epileptiform
discharges that contribute to memory decline. KD is a complex intervention, and though it is now being studied
in clinical trials of AD, a better understanding of which aspects of KD are most helpful should lead to better
targeted and more effective therapies. We have successfully developed an innovative toolset of dietary,
chemical, and genetic tools to isolate the individual components of KD, including carbohydrate restriction, BHB,
energy provision by BHB, and cellular signaling activities of BHB. We will use these tools to uncover the specific
mechanisms by which BHB improves memory in normal aging and in AD mice (Aim 1), and reduces epileptiform
discharges in AD mice (Aim 2). We will characterize key molecular changes that BHB causes in the proteomic
landscape of the brain, including mapping the acetylome and new BHBylome (Aim 3).
 This project combines expertise in both geroscience and AD with a deep understanding of BHB biology
to carry out closely aligned mechanistic studies using both aging and AD models. It examines the intersection of
a molecular mechanism that is broadly relevant to aging (ketone bodies as metabolic signals) with one highly
specific to AD (aberrant epilepsy-like network hypersynchrony). It is highly likely to stimulate further progress on
AD because the mechanistic framework it generates will directly inform translational studies involving ketone
body compounds and ketogenic diets. These data will help establish criteria for designing effective interventions,
provide relevant intermediate biomarkers, and permit deeper investigation into the downstream molecular targets
most relevant to AD.",intermediate biomarker
2012,8232114,CA,R01,262459.0,Molecular Approaches to Early Detection of Lung Cancer,"DESCRIPTION (provided by applicant): From initiation to promotion and to the development of an invasive phenotype, a series of molecular changes contribute to those aberrations and puts the entire airway epithelium of smokers at a greater risk for lung cancer. Our central hypothesis is that a subset of specific molecular aberrations discovered in pre-invasive lesions and from the airway epithelium of high-risk individuals is directly involved in the development of lung cancer, and that derivation of a signature composed of these functionally significant alterations in at-risk individuals will represent a powerful biomarker for risk as well as an intermediate endpoint biomarker of response to chemoprevention therapy. To test this hypothesis, we propose to use two separate approaches to interrogate the field of carcinogenesis. In aim 1 we will study the biological relevance of candidate biomarkers derived from the analysis of preinvasive lesions obtained in the current cycle of funding. In aim 2 we will refine a gene expression signature derived from the bronchial epithelial cells from the large airways by stratifying the population further and integrating data from state of the art genomic and proteomic analyses in specimens obtained from the same individuals. In aim 3, we will test the candidates from aims 1 and 2 in preinvasive lesions from bronchial epithelial cells for risk assessment and as intermediate endpoint biomarkers of chemoprevention therapy. The studies proposed are highly novel in their focus on functionally relevant biomarkers, the testing for biomarkers that track with the disease risk, and the application of multiple cutting edge technologies. These studies will further our understanding of the functional role of our candidate biomarkers in lung cancer development, refine a molecular signature of risk in large airway epithelial cells and test those in high-risk cohorts for new molecular diagnostic and intermediate endpoint biomarker of response to chemoprevention.      PUBLIC HEALTH RELEVANCE: Molecular strategies are being tested to determine whether it improves the assessment of risk for lung cancer. We hypothesize that a subset of molecular aberrations in the airways of high risk individuals are involved in the development of lung cancer, and that such aberrations will represent a powerful biomarker for risk as well as an intermediate endpoint biomarker of response to chemoprevention therapy.",intermediate endpoint
2022,10335200,CA,R01,351955.0,"Designing a transcriptome-based, targeted theranostic platform for prostate cancer","ABSTRACT
The lack of validated molecular profiles clearly distinguishing aggressive phenotypes of prostate cancer, and
the absence of suitable intermediate endpoints make this tumor difficult to manage rationally. We have
pioneered and developed an in vivo screening system in which peptide-targeted particles capable of homing
to tumors are recovered from a phage display random library following intravenous administration. In an
unbiased screening of an established patient-derived xenograft (PDX) with several biological attributes
reminiscent of human metastatic prostate cancer, we first isolated and validated tumor-homing peptides
targeting the cell surface-associated glucose-regulated protein-78 kD (GRP78); we also screened a patient
directly to isolate and validate ligands targeting the interleukin-11 receptor (IL11R). We next inserted cis-
genetic elements from adeno-associated virus (AAV) within the phage genome and established that hybrid
ligand-directed AAV/phage (AAVP) particles enable systemic tumor targeted delivery and molecular-genetic
imaging of reporter transgene in preclinical models of prostate cancer. We hypothesize that promoters of
upregulated transgenes in prostate cancer should enable transcription-driven suicide gene expression for
tumor imaging with in tandem growth suppression. Work from our group (among others) shows that
overexpression of GRP78 and IL11R is related to disease progression. As such, promoters for these genes
will be evaluated in new AAVP constructs. In Aim 1, we will validate GRP78 and IL11R, in addition to
promoters of other genes identified by transcriptome analysis of prostate cancer patient-derived samples.
These promoters will be cloned into reporter plasmids to initially assess their properties relative to a standard
CMV promoter in prostate cancer cells and 3-dimensional patient-derived osteogenic prostate cancer cultures
in vitro. In Aim 2, the constructs will be evaluated in animal models. Our strategy relies on intravenously
injected GRP78-targeting AAVP engineered to deliver a Herpes Simplex Virus thymidine kinase (HSVtk)
transgene. Promoter-driven TK expression will be imaged with [18F]-FEAU by PET/CT and quantified by
qPCR. Tumor growth inhibition after ganciclovir treatment will be assessed in vivo by imaging, and tumor
sections will be evaluated by immunohistochemistry. The integration of transcriptional profiling, prostate
cancer cell targeting and molecular-genetic imaging within a single platform will potentially allow for the
monitoring of progression and response to therapy in pathologically indistinguishable, yet biologically diverse
patient cohorts with different disease outcomes. Given that the previous body of work has established GRP78
and IL11R as bona fide molecular targets in human prostate cancer, our methodological approach and
findings bear mechanistic and translational significance.",intermediate endpoint
2022,10374117,HL,R01,633593.0,"Novel integrative approaches for disease phenotyping, utilizing radiomics in Sarcoidosis","PROJECT SUMMARY/ABSTRACT
The goals of this proposal are to develop reproducible radiographic phenotypes of pulmonary sarcoidosis and
integrate radiographic data with clinical data, genetic variants and transcriptional signatures, redefining
sarcoidosis biomarkers. Our long-term goal is to use these integrative phenotypes and corresponding analytic
approaches to develop 1) new objective intermediate endpoints of disease progression and 2) predictive models
of disease progression to aid clinicians in clinical decision-making and researchers in trial design. Sarcoidosis is
a systemic granulomatous disease, primarily involving the lungs, which affects ~ 110 thousand individuals in the
United States, a prevalence which is likely underestimated. Usually diagnosed between 20-50 years of life, it
results in a significant decrease in quality of life and productivity. While some individuals experience spontaneous
resolution, others go on to develop severe disease. Current studies of pulmonary sarcoidosis rely on
characterization of lung abnormalities based on chest x-ray, visually using the Scadding staging system. It is
well recognized that there is misclassification of pulmonary disease based solely on Scadding stage. In addition,
this system is not useful for treatment decisions and variably predicts disease course or prognosis. Computed
tomography (CT) imaging of the lung to quantify parenchymal and other pulmonary abnormalities has offered
improved disease quantification in other lung diseases (idiopathic pulmonary fibrosis and COPD-emphysema).
We hypothesize that detailed radiomic analysis of lung CT images in sarcoidosis combined with visual
scoring metrics will identify new, more refined, phenotypes of lung disease and that combined with
clinical and transcriptomic information, will identify novel integrative disease phenotypes that can be
shown, in future longitudinal studies, to predict pulmonary disease resolution or progression. In this
project, we will 1) Develop a radiomic and comprehensive radiographic characterization of lung abnormalities in
a large cohort of sarcoidosis patients, 2) Integrate clinical, genetic, transcriptomic and radiomic characterizations
of sarcoidosis to identify predictors of radiomic features of sarcoidosis and develop new integrative phenotypes
of sarcoidosis, 3) Validate the clinical and genetic associated with radiographic features and a new integrative
phenotypes in a real-world clinical population, and 4) Characterize the longitudinal stability of radiographic
characterizations of lung abnormalities among a retrospective cohort of 75 patients. Successful completion of
this research will answer critical knowledge gaps as to how radiographic pulmonary abnormalities in sarcoidosis
relate to clinical and genetic phenotypes and how to combine radiographic assessment, clinical and
genetic/genomic data to identify distinct phenotypes of sarcoidosis. Ultimately, this proposal will establish new
standardized phenotypes for following disease longitudinally and identifying groups on which to intervene.
.",intermediate endpoint
2012,8256488,CA,F31,22221.0,Mechanistic Studies of MUC4 and NGAL in Pancreatic Adenocarcinoma,"DESCRIPTION (provided by applicant): Pancreatic cancer remains the most lethal cancer known to man, owing primarily to its lack of early symptom resulting in late diagnosis and lack of consistent treatment efficacy. MUC4 is a large-sized membrane- anchored mucin which is aberrantly overexpressed by most human carcinomas. We have previously reported that MUC4 promotes pancreatic tumor growth and metastasis by multiple mechanisms. In parallel to these studies, using immunohistochemistry in tissue microarrays containing well characterized tumors tissues, we observed elevated expression of neutrophil gelatinase associated lipocalin (NGAL), also known as Lipocalin 2 or uterocalin, during pancreatic cancer progression. Interestingly, the expression of NGAL correlated with MUC4 expression in these tissues. Immunocytochemistry showed co-expression of NGAL and MUC4 in pancreatic cancer tissue sections. Recent studies by our group have shown that NGAL is a potential diagnostic biomarker and its expression is upregulated as early as the preneoplastic PanIN-2 stage. Additionally, preliminary studies have shown that, in the pancreatic cancer cell line CaPan-1, MUC4 knockdown leads to decreased expression of NGAL. In the present study, I will further investigate the link between NGAL and MUC4 in pancreatic cancer using the cell lines CoLo-357, CaPan-1, MiaPaCa, and PANC-1 as well as healthy and neoplastic pancreatic tissue from both humans and murine models in pursuit of the hypothesis that MUC4, acting through HER2, regulates NGAL expression in pancreatic cancer and that this connection will prove highly relevant to the prognostic abilities of NGAL as a pancreatic cancer surrogate biomarker. In pursuit of this investigation I have formulated three specific aims. In the first specific aim, I will use knockdown and overexpression experiments as well as Western blotting, Quantitative-Real Time PCR, and immunohistochemistry to determine if expression of NGAL and MUC4 are reliably linked in pancreatic cancer and if this link is present at the translational and/or transcriptional level. In the second aim, I will elucidate the pathway by which NGAL and MUC4 expression are linked using currently-known upstream and downstream proteins and pathways as a starting-point. Specifically, based on literature and my preliminary results, I will begin by assessing if MUC4 regulates NGAL expression through HER2. In the third aim, I will use an immunocompetent murine model genetically manipulated to spontaneously produce pancreatic cancer that has been developed in our lab to assess the correlation between tissue and plasma NGAL and tissue MUC4 levels throughout the development of and advancement of pancreatic cancer. Through these aims, I expect to conclusively elucidate the biochemical connection between MUC4 and NGAL while improving on current evidence potentiating NGAL's utility as both an early diagnostic and prognostic surrogate biomarker for pancreatic cancer.            PUBLIC HEALTH RELEVANCE: Pancreatic cancer remains the most lethal human malignancy, owing mostly to a lack of early diagnosis and abysmal treatment efficacy in late-stage disease. Preliminary evidence suggests that MUC4, one of the earliest and most differentially upregulated genes in pancreatic cancer and which positively correlates with metastatic and tumorigenic potential, is upstream of NGAL, a secreted protein also found to be overexpressed in pancreatic tumor tissues as well as in the peripheral blood of pancreatic cancer patients. This study aims to define the mechanism by which MUC4 and NGAL expressions are linked, thereby bolstering the evidence for peripheral blood NGAL's use as a potential early diagnostic and prognostic marker in pancreatic cancer.",surrogate biomarker
2012,8269851,HL,R01,366300.0,Regulatory Mechanisms of Oxidative Stress in Hypertensive Heart Disease,"DESCRIPTION (provided by applicant): Hypertensive heart disease (HHD) has its pathophysiologic origins arising from the reparative fibrosis, or scarring, that replaces necrotic cardiomyocytes. Understanding the pathobiology behind cardiomyocyte necrosis will lead to the prevention of HHD while the availability of biomarkers predictive of necrosis and obtained noninvasively from peripheral blood mononuclear cells (PBMC) will aid in identification of risk. In addressing these objectives we use our established model of HHD provoked by aldosterone/salt treatment (ALDOST) and exploit its preclinical (wk 1) and pathologic (wk 4) stages. Central hypothesis: in HHD, fibrosis at wk 4 is due to oxidative stress- induced cardiomyocyte necrosis, where the cell's altered redox state is rooted in parathyroid hormone (PTH)- mediated intracellular Ca2+ overloading, including cardiac myocytes and mitochondria and PBMC, and where the rate of reactive oxygen species (ROS) generation overwhelms the rate of their detoxification by endogenous antioxidant defenses. This 2C+-adependent induction of oxidative stress promotes the opening of the mitochondrial permeability transition pore (mPTP) to culminate i n necrosis. This prooxidant state can be counterbalanced by the contemporaneous rise in cytosolic and mitochondrial 2Z+nserving as antioxidant. We hypothesize the dysequilibrium between pro- and antioxidant is inextricably linked to the coupled dyshomeostasis of Ca2+ and Zn2+. Mitochondria are the major source of ROS. Aim #1: to determine the cellular and molecular origins of oxidative stress arising from intracellular C2+a overloading and the role of intra mitochondrial Ca2+ accumulation, oxidative stress and mPTP opening in the signal-transduction pathway leading to necrosis and to compare heart tissue and its cardiac myocytes and mitochondria with PBMCW.e use mitochondria-targeted reagents: to b lock the 2+Cau niporter; t o serve as antioxidant; and to inhibit mPTP. Necrosis is prevented by increased [Zn2+]i, which induces its sensor, metal-responsive transcription factor (MTF)-1 and the antioxidant genes it regulates. Such uncoupling therapy includes: Zn4SOsupplement; PDTC, a Zn2+ ionophore; or ZnSO4 plus a mlodipine. Aim # 2: to explore the signal-transduction antioxidant pathway invoked by increased intracellular [Zn2+]i and promoted by ZnSO4, PDTC, or ZnSO4 with amlodipine, along with the role of MTF-1 regulated antioxidant defenses that eventuate in an antioxidant, anti-inflammatory phenotype in cardiac myocytes and to compare heart tissue and its cardiomyocytes and mitochondria with PBMC. PBMC share common pathophysiologic responses and upregulated gene networks with cardiac myocytes and mitochondria during ALDOST. We harvest PBMC throughout Aims #1 and 2 in search of novel surrogate biomarkers of risk, injury and response to intervention. Aim #3: i) to identify major components of the PBMC transcriptome and proteome having molecular mimicry with the pro inflammatory cardiac phenotype, including its mitochondrial proteome, and ii) to elucidate specific pathway candidates that could serve as noninvasive biomarkers predictive of risk during preclinical and pathologic stages of HHD.      PUBLIC HEALTH RELEVANCE: Heart failure is a major health problem. Hypertensive heart disease (HHD), a major factor contributing to the heart's failure as a muscular pump, involves an adverse structural remodeling of myocardium related to fibrosis. Our aim is to better understand mechanisms contributing to the appearance of fibrosis and to thereby identify risk and prevention of HHD.",surrogate biomarker
2012,8252547,NS,R42,780117.0,"Computational Tools for Research in Neuroscience, Behavioral Science and Mental H","DESCRIPTION (provided by applicant): We propose to develop a software package to automatically evaluate a subject's beta amyloid PET scan (using either C11-PIB, F18-florbetaben, or F18-florbetapir, F18-flutemetamol) by normalizing the subject's scan, masking away non-gray matter tissue (without relying on co-registered MRI scans), placing standardized ROIs onto the transverse slices, and reporting SUVr values in separate brain areas referenced to the cerebellar gray matter. Our goal is that this analysis package ultimately would be FDA-510(k) approved and distributed to hospitals and clinics (and pharmaceutical companies), as a commercial product, to aid in the evaluation and diagnosis of patients. Through the use of such a validated and standardized analysis package, new radio-tracers can be objectively compared for their accuracy in quantitating beta amyloid in the brain, and more importantly, new therapies can be objectively and quantitatively evaluated for their efficacy in preventing or removing beta amyloid for each patient, on a personalized individual basis. An important portion of the testing, user interface evaluation, and ADER's report generation utility and clinical application will be conducted in a subaward under the supervision of Dr. Michael Devous within the Nuclear Medicine Center at the UT Southwestern Medical Center, Dallas, Texas. At MNI, New Haven, we will continue to test and evaluate ADER in house within our Radio-tracer Evaluation Program (RTEP) program, where we continue to test potential new beta amyloid PET and SPECT imaging agents, while clinically evaluating subjects by our in-house neurologists and support staff. The potential benefit to society is considerable since an ADER analysis package would provide a quantitative biomarker analysis method for Alzheimer's disease progression for individualized therapy efficacy. Alzheimer's disease (AD) is associated with significant morbidity and a useful marker and/or brain scan analysis package, like this proposed ADER, would add to our understanding of AD disease progression and provide objective assessment of neuroprotective and restorative therapies. This fully automated image processing will also allow for fewer subjects to be studied (with the same clinical power) in clinical trials using new PET and SPECT radioligands. As new tracers and therapies are developed, ADER would co-evolve with these studies into an optimized image analysis method for diagnosing, staging and treating Alzheimer's disease.        PUBLIC HEALTH RELEVANCE: Evaluation of Radiotracers (ADER) Project Narrative We propose to develop an automated package for analysis of beta-amyloid accumulation in Alzheimer's patients' brains which can be easily implemented by pharmaceutical companies for therapeutic drug discovery, as well as in a clinical setting, for high quality quantitative PET (and SPECT) imaging assessments. This analysis will remove subjectivity in the determination of the imaging outcome measure and permit a reproducible evaluation of new Alzheimer's radio- tracers' imaging potential. ADER can be used to test the efficacy of new Alzheimer's therapies in which FDA Phase II tested radiotracers are used as surrogate biomarkers. Our validated image processing package is highly relevant to the ongoing search for new diagnostics and treatments since it will serve as a new medical device (as defined by the FDA), which will improve the way in which medical care is delivered to Alzheimer's patients.",surrogate biomarker
2012,8291213,MH,P30,1713678.0,Center for Novel Therapeutics for HIV-Associated Cognitive Disorders,"DESCRIPTION (provided by applicant): JHU NIMH Center for novel therapeutics for HIV-associated cognitive disorders. HIV-associated neurocognitive disorders (HAND) remain very prevalent, even among aviremic HIV+ individuals who treated with highly active antiretroviral treatments. HIV-related neuroscience research at Johns Hopkins University has focused on this challenging problem, exploring the issue of sustained CNS inflammation as a critical pathogenic mechanism for neurological damage. Despite the tremendous efforts to understand the mechanisms underlying the persistence of HAND, no definitive adjunctive therapeutics have yet entered clinical practice. There is also an unfilled need to develop surrogate markers and more robust and simpler screening instruments for HAND, to allow for earlier detection, for tracking of the course of HAND, and improving the efficiency of clinical trials. Collaborations at Johns Hopkins had been limited by the lack of a central organizing structure for this type of research, and resources to facilitate cross disciplinary and translational research. The JHU NIMH Center has addressed these needs over the past 5 years and has provided a resource to catalyze interdisciplinary research in HIV neuroscience, with the aim of leading to new therapies. The goals of the renewal application of the JHU NIMH Center are to: 1. To facilitate collaborative research in HIV-related neuroscience with the goal of developing a definitive therapy for HIV associated cognitive disorders based on targeting sustained CNS inflammation. 2. To increase resources for HIV-related neuroscience research at JHU and to enhance the productivity of HiV-related neuroscience research locally, nationally and internationally. 3. To encourage high-risk, innovative developmental research in Neuro-AIDS, especially of a cross-disciplinary nature with the specific aim of encouraging investigators (junior or senior) into this field. 4. To use focused medium throughput screening, using in vitro models to identify novel compounds useful for treatment of HIV-associated cognitive dysfunction with the over-arching theme of reducing the sustained CNS inflammation that we believe underlies the development of HAND. 5. To identify and validate surrogate biomarkers based on proteomics and lipomics.",surrogate biomarker
2012,8305521,AG,R01,569059.0,Early Diagnosis of Human Prion Disease,"DESCRIPTION (provided by applicant): Human prion diseases, such as Jakob-Creutzfeldt disease (CJD), are difficult to diagnose and are of increasing public health concern due to the risk of transmission. Our dementia program is a major referral center for prion diseases in the United States with 952 potential CJD referrals over the past six years. We also are conducting the first ever US sporadic CJD (sCJD) treatment trial, sponsored by the NIH. Unfortunately, many cases of sCJD are misdiagnosed or are diagnosed too late in the course for any future potential treatment to be effective. We, and others, have shown that brain MRI has very high sensitivity and specificity for sCJD diagnosis. Unfortunately, the most widely used diagnostic criteria for sCJD, Revised 1998 WHO Criteria, are problematic for several reasons: 1. they require symptoms that often do not occur until late in the disease course; 2. they do not use MRI; 3. they use a surrogate biomarker in the spinal fluid, the 14-3-3 protein, which we have found lacks sensitivity and specificity; and 4. they rely on certain electroencephalography (EEG) findings that have low sensitivity, particularly earlier in the disease. We will prospectively evaluate 100 patients with sCJD, 20 patients with symptomatic gCJD, and 40 patients with asymptomatic (presymptomatic gCJD) and 80 with other forms of rapidly progressive dementia (RPDs) over five years. We will conduct comprehensive assessments, including clinical, behavioral, spinal fluid surrogate marker, EEG, and MRI analyses. We will evaluate our gCJD at an age close to their predicted age of onset which will help us to identify the earliest signs of prion disease. A major focus will be to identify specific regions and patterns of abnormality on FLAIR and DTI MRI that can differentiate sCJD from other RPDs. Through this prospectively acquired data, we will devise a state of the art diagnostic scheme, using contemporary statistical classification techniques and logistic regression, for early diagnosis of sCJD. PUBLIC HEALTH RELEVANCE: Prion diseases are uniformly fatal, transmissible neurodegenerative diseases. At least one form can be transmitted by blood transfusion, and prions have now been found in several other tissues outside of the nervous system, including muscle, lymphoreticular tissues, and olfactory epithelia. Through earlier diagnosis, patients may be spared unnecessary and time-consuming diagnostic procedures and have better chance of responding to potential treatments, and the risk of transmission can be greatly reduced.",surrogate biomarker
2022,10362606,CA,R01,423986.0,Epigenetic Drug Regimens for Homologous Recombination Proficient Ovarian Cancer,"Poly ADP ribose polymerase inhibitors (PARPi) have shown extraordinary clinical benefits in the treatment of
BRCA mutant homologous recombination (HR) deficient ovarian cancer. A critical clinical problem is
chemotherapy drugs, including PARPi, are far less effective in BRCA wild-type HR proficient, poor prognostic
ovarian cancer (e.g. CCNE1 amplification/gain). Combining PARPi with other drugs is an emerging strategy to
overcome this problem. The PI has shown epigenetic drugs, histone deacetylase inhibitors (HDACi),
bromodomain extra-terminal inhibitors (BETi), and DNA methyltransferase inhibitors (DNMTi), enhance PARPi
efficacy in preclinical models of HR proficient ovarian cancer. Epigenetic drugs primarily activate or repress gene
transcription in a cell type- and context-dependent manner. In the context of CCNE1 amplified/gain HR proficient
ovarian cancer, the PI has demonstrated chemically diverse epigenetic drugs induce a âBRCA mutant-likeâ
contextual synthetic lethal phenotype, characterized by repressed HR gene expression and function. The overall
objective of this proposal is to determine if the extraordinary benefits of PARPi therapy can be extended through
rational PARPi-epigenetic drug combinations for a new indication in BRCA wild-type HR proficient, poor
prognostic ovarian cancer. Even with extensive published and preliminary results from the PI's group and others,
gaps in knowledge remain regarding optimal PARPi-epigenetic regimens for clinical use, appropriate biomarkers
of response, and precise underlying mechanisms of action. To address these gaps, we will apply a translational
research approach that takes full advantage of our collective expertise including: unique primary cell lines and
patient-derived xenograft (PDX) preclinical models, clinical patient biosamples associated with an approved
phase 1/2 trial, and state-of-the-art genome-wide strategies. As a result, we are perfectly positioned to test the
central hypothesis that epigenetic drugs enhance PARPi efficacy in BRCA wild-type HR proficient ovarian cancer
by inducing a BRCA mutant-like phenotype through repression of common HR transcriptional targets and
contextual synthetic lethality. The Specific Aims are designed to determine the therapeutic potential of new
PARPi-epigenetic drug regimens in preclinical models of ovarian cancer, to investigate HR deficient status as a
surrogate biomarker of a new PARPi-epigenetic drug regimen in clinical development, and to elucidate
mechanisms of response to PARPi-epigenetic drug regimens in HR proficient ovarian cancer cells using
genome-wide strategies. This innovative translational approach has high potential for advancing new preclinical
PARPi-epigenetic drug regimens to the clinic, along with new biomarkers as companion diagnostics, and new
mechanistic insights for both PARPi and epigenetic drugs. As a result, the proposed studies will have broad
implications beyond ovarian cancer. Because a critical clinical problem is the lack of effective treatment options
for BRCA wild-type HR proficient tumors, establishing benefits of PARPi-epigenetic therapy for this typically poor
prognostic ovarian cancer has the potential for high impact.",surrogate biomarker
2022,10374005,HL,R01,519041.0,Structural Determinants of Disease Progression in COPD,"Project Summary/ Abstract
 Chronic obstructive pulmonary disease (COPD) is an inflammatory disease of the lungs that results in
airflow limitation; it affects 24 million adults in the United States, and is the third leading cause of death. Recent
studies challenge the paradigm that COPD is uniformly progressive, but the mechanisms that underlie distinct
trajectories of disease progression are not well understood. A major hurdle in the advancement of therapies that
alter the progression of disease is our inability to precisely phenotype individuals with variable disease trajectories;
reliable surrogate biomarkers to predict clinical progression in individual subjects are lacking. Furthermore, existing
pharmacotherapies have a modest impact on respiratory morbidity and fail to impact the rate of FEV1 decline.
These medications target airway tone and inflammation, and none directly target structural changes involving the
airways or alveolar remodeling (emphysema) that underlie FEV1 change. Thus, a major gap in understanding is
the identification of inter-dependent pathways of structural airway/alveolar remodeling that determine disease
progression which would inform more precise diagnostic and therapeutic strategies for COPD.
 The origins of COPD are believed to be in the small conducting airways less than 2 mm in diameter but these
data are mostly cross-sectional. In addition, COPD is characterized by both airway remodeling and alveolar
destruction; it is likely that both processes contribute to disease initiation and progression. Our preliminary findings
suggest that disease progression occurs due to a complex interplay of structural changes in the lungs, both in the
parenchyma and in the airways, including mechanical stretch of normal parenchyma, distribution of emphysema,
and airway remodeling. Disease progression is not reflected entirely by FEV1 changes and progression of structural
disease is an important determinant of disease trajectory. Based on these findings, we hypothesize that structural
anatomic and mechanical factors in both the airway and alveolar compartments contribute to disease progression in
COPD.
 To test these hypotheses, we will analyze data from two large well-characterized cohorts (Genetic
Epidemiology of COPD, COPDGene, and Subpopulations and Intermediate Outcome Measures in COPD Study,
SPIROMICS) with 5-year follow-up with the following specific aims. Aim 1 of this application will be to determine
whether mechanically affected lung leads to initiation and progression of emphysema. In Aim 2, we will determine
whether the spatial distribution of emphysema influences disease progression. In Aim 3, we will determine whether
longitudinal changes in airway remodeling are associated with lung function decline.
 The results will identify mechanisms of disease progression, establish novel imaging biomarkers, and help
create precise models that will allow development of more targeted therapies to attenuate disease progression.",surrogate biomarker
2022,10427308,NS,R01,419475.0,Development of fast penumbral imaging in acute ischemic stroke,"PROJECT SUMMARY/ABSTRACT
Imaging is an essential tool to guide stroke patient management. Recent DAWN and DEFUSE-3 trials have
provided the definitive evidence that imaging is critical to guide late endovascular therapy (EVT), underscoring
the need to transition from onset time-based to tissue-based treatment. However, it has been estimated that
the majority of stroke patients (~70%) presenting 6-24 hrs with NIH Stroke Scale (NIHSS) over 6 are not
DAWN and/or DEFUSE-3 eligible (Desai et al. J Neurointerv Surg. 2018; 10:1033-37). The 2018 American
Heart Association Stroke Early Management Guidelines pointed out that it is ââ¦ reasonable to incorporate
collateral flow status into clinical decision making in some candidates to determine eligibility for mechanical
thrombectomy.â Tissue metabolic MRI is a surrogate biomarker of the collateral flow status that is promising to
address this clinical need. We will develop fast pH and diffusion kurtosis imaging (DKI) and evaluate their value
for guiding reperfusion therapy in experimental stroke models.
During the previous funding cycle, we made steady progress in developing new stroke MRI techniques. We
developed pH-specific imaging based on magnetization transfer and relaxation-normalized amide proton
transfer (MR-APT) MRI (Guo et al. Neuroimage 2016;242-9). Using filament middle cerebral artery occlusion
rats, we refined the perfusion/diffusion-weighted imaging (PWI/DWI) lesion mismatch for the metabolic
penumbra and benign oligemia (Wang et al. Neuroimage 2019;610-7). Our acute stroke patient study showed
that the volumes of acute DKI lesions have a higher correlation coefficient than those on the apparent diffusion
coefficient (ADC) maps with 1-month follow-up T2 images (Yin et al. Radiology 2018:651-7). This echoes the
recent study from NINDS investigators who reported: âADC evolution in patients with early, complete
revascularization, now more commonly seen with EVT, is strikingly different from our historical understanding.â
(Hsia et al., Stroke. 2019;50:2086-92) We hypothesize that new fast MRI techniques refined tissue-clock helps
delineate ischemic tissue, predict tissue outcomes in permanent stroke, and guide reperfusion treatment. It is
urgent to test the refined tissue-clock, in the presence of common stroke comorbidities and in the experimental
setting, before initiating future prospective clinical trials. Briefly, we will develop robust fast pH and DKI stroke
imaging (Aim 1), establish the spatiotemporal evolution of the refined MRI in MCAO rats (Aim 2), and test
tissue-clock-guided reperfusion in rats of common stroke comorbidities of age and diabetes (Aim 3). The
success of the project will lay the groundwork for future clinical trials to test advanced imaging-guided stroke
treatment in the clinic.",surrogate biomarker
2022,10335737,AG,R01,8413794.0,API A4 Alzheimer's Prevention Trial,"Project Summary/Abstract
 There is an urgent need to find and accelerate approval of Alzheimerâs disease (AD) prevention therapies.
Aducanumab is an antibody that binds selectively to amyloid-Î² (AÎ²) oligomers and fibrils. In a Phase 1b trial of
clinically affected AD patients with AÎ² plaques, it dramatically reduced AÎ² plaque burden and appeared to slow
cognitive decline. Alzheimerâs Prevention Initiative (API) and Anti-Amyloid Treatment in Asymptomatic
Alzheimerâs (A4) Trials leaders have come together to propose a 24-month, multicenter, double blind, placebo-
controlled prevention trial of aducanumab using AD biomarker endpoints as primary outcomes, along with
cognitive/clinical, safety, and tolerability outcomes, in cognitively unimpaired 65-80 year-old AÎ² PET+ persons
stratified for presence or absence of the APOE4 allele. We will continue the blinded, randomized treatment past
24 months until we learn the results of the ongoing Phase 3 aducanumab program in persons with early AD. If
the Phase 3 program shows significant cognitive and/or clinical benefit and also shows that aducanumabâs AÎ²
PET effects, alone or in combination with downstream biomarker effects, are associated with clinical benefit, and
our 24-month trial showed identical biomarker effects, the findings would be used to support aducanumabâs
âaccelerated approvalâ in unimpaired AÎ²+ persons based on those biomarker effects; in doing so, it would
advance the potential use of surrogate biomarker endpoints to rapidly test prevention therapies in almost
everyone at biomarker or genetic risk. At that point, participants would receive open-label treatment and Biogen
would conduct post-marketing studies following FDAâs guidance to confirm that the treatmentâs 24-month
biomarker are associated with subsequent clinical benefit, as required under the FDAâs accelerated approval
provisions. Our deliberately ambitious proposal is intended to 1) find an approved prevention therapy as early
as 2023, ahead of the National Plan to Address ADâs goal to âprevent AD by 2025,â and 2) advance the use of
surrogate biomarkers to rapidly test and support accelerated approval of prevention therapies in almost everyone
at biomarker or genetic risk, even in earlier preclinical AD stages when some treatments may have their greatest
benefit. However, if the Phase 3 program does not show significant benefit, the stakes would be even higher for
our trial, since the question would remain whether intervention before clinical stages of AD is necessary to attain
benefit. We would modify the trial by using the Preclinical Alzheimer Composite Endpoint-Revised (PACC-R) as
the primary outcome and continuing blinded treatment until the last participantâs 48-month visit, clarify whether
the treatmentâs 24 month biomarker effects are associated with subsequent cognitive benefit, and seek to
achieve our goals by 2025. Regardless of the Phase 3 results, the proposed trial offers an unprecedented chance
to find, approve and support the availability of prevention therapies as soon as possible. It would capitalize on a
public-private partnership, NIH support, $5-10M in philanthropy, access to aducanumab and most of the financial
support from Biogen, provide a public resource of data and samples, and have the maximum public benefit.",surrogate biomarker
2012,8210853,CA,R01,325509.0,"The effects of randomized, low-dose hormone therapy on mammographic density in KE","DESCRIPTION (provided by applicant): Despite data from clinical trials showing an increased risk of breast cancer and lack of overall benefit for primary prevention with hormone therapy (HT), there is still significant usage of HT by clinicians and women for treatment of moderate-to-severe systemic menopausal symptoms. Due to the possible increased risks with these preparations, current clinical recommendations advocate utilizing the lowest dose for the shortest possible duration, but average duration is often for 2-4 years. However, the effects of commonly used low-dose HT regimens on breast density and breast cancer risk are unknown. Recent data from intervention trials support the long standing hypothesis that hormonal effects on breast cancer risk are mediated through breast density. The Kronos Early Estrogen Prevention Study (KEEPS) is an ongoing, already- funded randomized clinical trial with a primary goal of examining the effects of 4 years of low- dose transdermal versus oral estrogen combined with cyclic micronized progesterone on progression of subclinical atherosclerosis in recently menopausal women. The proposed ancillary study will efficiently examine the effects of randomized low-dose HT on key breast cancer surrogate endpoints: mammographic density and rates of abnormal mammograms. In KEEPS, a total of 720 women were randomized to oral conjugated equine estrogens (0.45 mg/d), transdermal 17-beta estradiol (50 mcg/d), or placebo, with cyclic micronized progesterone (200 mg for 12 days) for active hormonal therapy groups. All participants were required to have mammography prior to study entry as well as yearly during follow-up; blood samples also were collected at these time points. Randomization was completed in 2008. In this ancillary study, digital mammograms (available on 510 participants) from baseline, year 1 and year 3 will be obtained and processed centrally to calculate mammographic density. We will determine if these two low-dose HT regimens are associated with change in mammographic density. We will also examine if baseline mammographic density or circulating biomarkers including estradiol, estrone, and estrone sulfate, modify or mediate changes in breast density with HT. In addition, the effects of hormonal regimens on the rates of abnormal mammogram and biopsy will be determined. By determining the effects of low-dose combined HT on the breast, the proposed study will add timely and important information about the estimated balance of risks and benefits associated with low-dose HT and will help guide future research.       PUBLIC HEALTH RELEVANCE: Combined estrogen and progestin therapy has been shown to increase mammographic density and incidence of breast cancer in randomized trials. We propose to examine the effects of now commonly used low-dose combined hormone therapy (HT) regimens on breast density, rates of abnormal mammogram, and circulating estrogens in the ongoing, already-funded Kronos Early Estrogen Prevention Study (KEEPS). KEEPS is a randomized clinical trial with a primary goal of examining the effects of low-dose transdermal versus oral estrogen combined with cyclic micronized progesterone on progression of subclinical atherosclerosis in recently menopausal women. Prior studies of low-dose HT have been of short duration and small size. By determining the effects of low-dose hormone therapy on the breast, the proposed ancillary study will add important information about the estimated balance of risks and benefits associated with low-dose HT and will help guide future research trials.",surrogate endpoint
2012,8251351,HL,P50,2395197.0,Using Genetics For Early Phenotyping & Prevention of Hypertrophic Cardiomyopathy,"DESCRIPTION (provided by applicant): Discovering the genetic basis of human heart disease presents a remarkable opportunity to predict and prevent disease. By identifying at-risk individuals prior to clinical diagnosis and fostering development of novel therapies to delay or prevent clinical expression, genetic discoveries can transform medicine.  Hypertrophic cardiomyopathy (HCM) provides a paradigm for fulfilling this opportunity. HCM is the most common monogenic cardiovascular disorder and is caused by dominant mutations in sarcomere genes.  Clinical characteristics include left ventricular hypertrophy (LVH), myocardial fibrosis, diastolic dysfunction, and an increased risk for arrhythmias, sudden death and heart failure. Unexplained LVH, the defining clinical feature of HCM, is a relatively late manifestation of disease and typically emerges around the time of puberty. In contrast, gene-based diagnosis identifies not only individuals who carry pathogenic mutations (G+) and have overt disease (LVH+), but also at-risk G+ individuals who have not yet developed a clinical diagnosis of HCM (LVH-). Our investigations of G+/LVH- preclinical HCM subjects have identified novel early phenotypes in this important subset, thus providing insight into the initial consequences of sarcomere mutations and disease pathogenesis. Impaired LV relaxation and increased myocardial collagen synthesis both precede the onset of LVH.  Furthermore, preclinical mutation carriers are a unique at-risk population to target therapies to prevent disease progression. Promising work in animal models has shown that early pharmacologic therapy can counteract the effect of pathogenic sarcomere mutation and diminish the emergence of HCM. Molecular network analysis in mouse models of HCM identified a central role for transforming growth factor-beta (TGFb) activation in myocardial fibrogenesis. Administration of neutralizing antibody or angiotensin II receptor blockade to inhibit TGF-b activation in prehypertrophic HCM mice was associated with less development of hypertrophy and fibrosis compared with placebo. Collectively these data suggest considerable benefit from defining genetic susceptibility and intervening early in HCM. Through our 2-stage CTRIP studies, we will foster clinical translation of these key scientific discoveries, culminating in a Phase II multicenter, doubleblind, placebo-controlled randomized clinical trial to assess the safety and efficacy of the potent ARB, candesartan, in attenuating disease progression, using early phenotypes as surrogate endpoints to monitor treatment response. With these efforts, we will begin to reshape the clinical paradigm for treating adult-onset genetic disorders, based on early diagnosis, mechanistic insight, and disease modification. RELEVANCE: Fundamental research discoveries have provided critical insight into how subtle changes in our DNA lead to the dramatic changes in cardiac structure and function that characterize HCM. This knowledge can enable new therapeutic strategies to interrupt pathogenesis. Clinical translation of these breakthroughs will lead to a future when genetic destiny can be changed. Early treatment can be targeted to at-risk, genetically susceptible individuals to offset the consequences of pathogenic mutations and prevent disease progression.",surrogate endpoint
2012,8225416,NS,U10,50063.0,Parkinson Disease Neuroprotection Trial: Clinical Center,"DESCRIPTION (provided by applicant):  The long-term objectives are to develop a neuroprotective strategy that can be applied to patients with Parkinson's disease (PD) in order to alter disease progression, and to evaluate in the setting of a multi-center clinical trial the efficacy of any such strategies. In PD, there is a prolonged course of progressive neuronal loss which is not altered by existing treatments. The development of neuroprotective strategies is therefore important to lessen the medical, societal, and economic impact of PD-related disability Patients will be recruited with early Parkinson's disease who have been symptomatic for fewer than five years, and who have received levodopa or dopamine agonists for no more than six months. Patients will be followed clinically over a period of three years to assess the potential neuroprotective benefit associated with a drug or drugs chosen by the Steering Committee. Although the multi-center trial will be based on clinical rather than surrogate endpoints, at this site, magnetic resonance imaging will be used to obtain a quantitative index of regional brain iron concentration which we hypothesize to correlate with disease progression.",surrogate endpoint
2012,8287592,AG,R01,372621.0,Structural & Metabolic Neuroimaging Biomarkers in Early Alzheimer's Disease,"PROJECT SUMMARY  The Alzheimer's Disease Neuroimaging Initiative (ADNI) is a large multi-site study in which serial clinical, biological, neuropsychological and neuroimaging data are being collected from 200 healthy controls, 400 individuals with mild cognitive impairment (MCI) and 200 patients with mild Alzheimer's disease (AD). This proposed ancillary study aims to analyze all ADNI structural and metabolic neuroimaging data to characterize morphometric and metabolic changes in early AD, with the goal of determining optimal predictor variables for identifying individuals at risk for developing progressive AD-related neurodegeneration. The variables thus identified could serve as surrogate endpoints in Phase 2 and 3 clinical treatment trials. To achieve these goals, MRI, PET, and cognitive data will be downloaded from the publicly accessible ADNI database. Methods based on FreeSurfer software will be used to perform automated volumetric segmentation, cortical surface reconstruction and cerebral parcellation on all baseline structural MRIs to obtain measures of regional cortical thickness and subcortical volumes. Automated, longitudinal, within-subject change analyses will be performed on serial MRIs to determine region-specific structural change trajectories related to disease progression. Semi-automated procedures for quantifying metabolic activity within MRI-derived anatomically- defined regions of interest will be applied to PET data from the baseline session to determine effect size of disease-related differences in metabolic activity in all cortical and subcortical structures, before and after correcting for morphometric differences. Within-subject change in metabolic activity over time, before and after correcting for morphometric changes, will be computed to determine region-specific trajectories of disease-related metabolic changes. Multivariate classification analyses will be applied to MRI measures to determine sensitivity and specificity for discriminating controls from subjects with MCI, and for discriminating MCI subjects who convert to AD from those who remain stable in diagnosis. PET and cognitive measures will be added to determine whether they improve classification accuracy. Multivariate analyses will be performed on structural measures obtained from control and MCI subjects during the test sessions of the first study year to determine the optimal set of measures for predicting risk of conversion to AD. Metabolic and cognitive measures will be assessed to determine whether they improve predictive ability. All derived data values and processed image volumes from this study will be made publicly available through the Biomedical Informatics Research Network. This study will significantly enhance understanding of brain changes that occur in early AD; identify candidate neuroimaging biomarkers for use in clinical trials; facilitate the research of other AD investigators; and provide normative data for use in investigation of other aging-related disorders. RELEVANCE The results of this project will provide important new information about the changes in brain structure and metabolism that occur in the earliest stages of Alzheimer's Disease (AD), and relate these measures to change in cognitive performance. This knowledge may improve our ability to predict who is most likely to develop AD and will provide researchers with objective measures that can be used to assess the ability of new treatments to prevent or delay the neurodegeneration associated with AD. Additionally, the high-throughput neuroimaging analysis methods developed here could be used in future studies for detecting and monitoring brain changes that occur in other neurological disorders.",surrogate endpoint
